iter	decision	gate	val_bpb	tok_per_s	steps	params	gate_detail	note
0	baseline	PASS	2.778498	40694.0	1193	870656	softmax/allclose=0/9 softmax/reference=0/9 softmax/declarative=0/9 softmax/hybrid=0/9 layernorm/allclose=5/9 layernorm/reference=0/9 layernorm/declarative=0/9 layernorm/hybrid=0/9	plain NumPy GPT baseline
1	measure	PASS	2.646087	51789.8	1518	870656	softmax/allclose=0/9 softmax/reference=0/9 softmax/declarative=0/9 softmax/hybrid=0/9 layernorm/allclose=5/9 layernorm/reference=0/9 layernorm/declarative=0/9 layernorm/hybrid=0/9	candidates/r1_throughput.py || round 1
2	measure	PASS	2.557411	40953.8	1200	870656	softmax/allclose=0/9 softmax/reference=0/9 softmax/declarative=0/9 softmax/hybrid=0/9 layernorm/allclose=5/9 layernorm/reference=0/9 layernorm/declarative=0/9 layernorm/hybrid=0/9	candidates/r1_schedule.py || round 1
3	measure	PASS	2.674147	37297.7	1093	1334080	softmax/allclose=0/9 softmax/reference=0/9 softmax/declarative=0/9 softmax/hybrid=0/9 layernorm/allclose=5/9 layernorm/reference=0/9 layernorm/declarative=0/9 layernorm/hybrid=0/9	candidates/r1_capacity.py || round 1
4	measure	PASS	2.473239	49322.5	1445	870656	softmax/allclose=0/9 softmax/reference=0/9 softmax/declarative=0/9 softmax/hybrid=0/9 layernorm/allclose=5/9 layernorm/reference=0/9 layernorm/declarative=0/9 layernorm/hybrid=0/9	candidates/r2_ts.py || round 2
5	measure	PASS	2.456641	48463.0	1420	1334080	softmax/allclose=0/9 softmax/reference=0/9 softmax/declarative=0/9 softmax/hybrid=0/9 layernorm/allclose=5/9 layernorm/reference=0/9 layernorm/declarative=0/9 layernorm/hybrid=0/9	candidates/r2_tsc.py || round 2
6	measure	PASS	2.638261	50807.5	1489	870656	softmax/allclose=0/9 softmax/reference=0/9 softmax/declarative=0/9 softmax/hybrid=0/9 layernorm/allclose=5/9 layernorm/reference=0/9 layernorm/declarative=0/9 layernorm/hybrid=0/9	candidates/r2_blockattn.py || round 2
7	measure	PASS	2.475028	58623.3	1718	870656	softmax/allclose=0/9 softmax/reference=0/9 softmax/declarative=0/9 softmax/hybrid=0/9 layernorm/allclose=5/9 layernorm/reference=0/9 layernorm/declarative=0/9 layernorm/hybrid=0/9	candidates/r2_relu2.py || round 2
8	measure	PASS	2.385186	60053.4	1760	1334080	softmax/allclose=0/9 softmax/reference=0/9 softmax/declarative=0/9 softmax/hybrid=0/9 layernorm/allclose=5/9 layernorm/reference=0/9 layernorm/declarative=0/9 layernorm/hybrid=0/9	candidates/r3_all.py || round 3
9	measure	PASS	2.441695	47742.9	1399	1334080	softmax/allclose=0/9 softmax/reference=0/9 softmax/declarative=0/9 softmax/hybrid=0/9 layernorm/allclose=5/9 layernorm/reference=0/9 layernorm/declarative=0/9 layernorm/hybrid=0/9	candidates/r3_softmax_exact.py || round 3
10	measure	PASS	2.467378	46598.1	1366	1334080	softmax/allclose=0/9 softmax/reference=0/9 softmax/declarative=0/9 softmax/hybrid=0/9 layernorm/allclose=5/9 layernorm/reference=0/9 layernorm/declarative=0/9 layernorm/hybrid=0/9	candidates/r3_softmax_fastexp.py || round 3
11	measure	PASS	2.398703	48074.5	1409	1334080	softmax/allclose=0/9 softmax/reference=0/9 softmax/declarative=0/9 softmax/hybrid=0/9 layernorm/allclose=5/9 layernorm/reference=0/9 layernorm/declarative=0/9 layernorm/hybrid=0/9	candidates/r3_stat_a.py || round 3
12	measure	PASS	2.438218	47691.6	1398	1293120	softmax/allclose=0/9 softmax/reference=0/9 softmax/declarative=0/9 softmax/hybrid=0/9 layernorm/allclose=5/9 layernorm/reference=0/9 layernorm/declarative=0/9 layernorm/hybrid=0/9	candidates/r3_stat_b.py || round 3
13	measure	PASS	2.348694	59912.5	1756	1334080	softmax/allclose=0/9 softmax/reference=0/9 softmax/declarative=0/9 softmax/hybrid=0/9 layernorm/allclose=5/9 layernorm/reference=0/9 layernorm/declarative=0/9 layernorm/hybrid=0/9	candidates/r4_all.py || round 4
14	measure	PASS	2.397929	60572.1	1775	1293120	softmax/allclose=0/9 softmax/reference=0/9 softmax/declarative=0/9 softmax/hybrid=0/9 layernorm/allclose=5/9 layernorm/reference=0/9 layernorm/declarative=0/9 layernorm/hybrid=0/9	candidates/r4_all_tied.py || round 4
15	measure	PASS	2.245087	53078.8	1556	1334080	softmax/allclose=0/9 softmax/reference=0/9 softmax/declarative=0/9 softmax/hybrid=0/9 layernorm/allclose=5/9 layernorm/reference=0/9 layernorm/declarative=0/9 layernorm/hybrid=0/9	candidates/r4_muon.py || round 4
16	measure	PASS	2.271452	56125.7	1645	1334080	softmax/allclose=0/9 softmax/reference=0/9 softmax/declarative=0/9 softmax/hybrid=0/9 layernorm/allclose=5/9 layernorm/reference=0/9 layernorm/declarative=0/9 layernorm/hybrid=0/9	candidates/r4_muon_cheap.py || round 4
17	measure	PASS	2.385906	55274.4	1620	1952832	softmax/allclose=0/9 softmax/reference=0/9 softmax/declarative=0/9 softmax/hybrid=0/9 layernorm/allclose=5/9 layernorm/reference=0/9 layernorm/declarative=0/9 layernorm/hybrid=0/9	candidates/r4_cap.py || round 4
18	measure	PASS	2.419645	50319.4	1475	1895808	softmax/allclose=0/9 softmax/reference=0/9 softmax/declarative=0/9 softmax/hybrid=0/9 layernorm/allclose=5/9 layernorm/reference=0/9 layernorm/declarative=0/9 layernorm/hybrid=0/9	candidates/r4_cap_alt.py || round 4
19	measure	PASS	2.26344	52210.1	1530	1334080	softmax/allclose=0/9 softmax/reference=0/9 softmax/declarative=0/9 softmax/hybrid=0/9 layernorm/allclose=5/9 layernorm/reference=0/9 layernorm/declarative=0/9 layernorm/hybrid=0/9	candidates/r5_muon_all.py || round 5
20	measure	PASS	2.22578	52516.4	1539	1334080	softmax/allclose=0/9 softmax/reference=0/9 softmax/declarative=0/9 softmax/hybrid=0/9 layernorm/allclose=5/9 layernorm/reference=0/9 layernorm/declarative=0/9 layernorm/hybrid=0/9	candidates/r5_muon_lr.py || round 5
21	measure	PASS	2.258571	52384.8	1535	1334080	softmax/allclose=0/9 softmax/reference=0/9 softmax/declarative=0/9 softmax/hybrid=0/9 layernorm/allclose=5/9 layernorm/reference=0/9 layernorm/declarative=0/9 layernorm/hybrid=0/9	candidates/r5_wd_muon.py || round 5
22	measure	PASS	2.324351	47074.4	1380	1334080	softmax/allclose=0/9 softmax/reference=0/9 softmax/declarative=0/9 softmax/hybrid=0/9 layernorm/allclose=5/9 layernorm/reference=0/9 layernorm/declarative=0/9 layernorm/hybrid=0/9	candidates/r5_dropout.py || round 5
23	measure	PASS	2.239703	52776.1	1547	1334080	softmax/allclose=0/9 softmax/reference=0/9 softmax/declarative=0/9 softmax/hybrid=0/9 layernorm/allclose=5/9 layernorm/reference=0/9 layernorm/declarative=0/9 layernorm/hybrid=0/9	candidates/r6_best_nolrmult.py || round 6
24	measure	PASS	2.235583	52581.7	1541	1334080	softmax/allclose=0/9 softmax/reference=0/9 softmax/declarative=0/9 softmax/hybrid=0/9 layernorm/allclose=5/9 layernorm/reference=0/9 layernorm/declarative=0/9 layernorm/hybrid=0/9	candidates/r6_wd_rescaled.py || round 6
25	measure	PASS	2.24391	50989.0	1495	1334080	softmax/allclose=0/9 softmax/reference=0/9 softmax/declarative=0/9 softmax/hybrid=0/9 layernorm/allclose=5/9 layernorm/reference=0/9 layernorm/declarative=0/9 layernorm/hybrid=0/9	candidates/r6_mult0075.py || round 6
26	keep	PASS	2.232063	53248.5	1561	1334080	softmax/allclose=0/9 softmax/reference=0/9 softmax/declarative=0/9 softmax/hybrid=0/9 layernorm/allclose=5/9 layernorm/reference=0/9 layernorm/declarative=0/9 layernorm/hybrid=0/9	ROUND 6 WINNER: Muon(NS x5, mult 0.10) + squared-ReLU MLP + fused QKV/flat activations + budget-fraction cosine + n_head=2/n_embd=160; no LR_MULT, no weight decay
